First,Last,Employee number,,,,,,,,,,,,,,
Nancy,GONZALES,36867,,,,,,,,,,,,,,
Kayla,HAWKINS,240511,,,,,,,,,,,,,,
Charlotte,DUNN,247772,,,,,,,,,,,,,,
Johnny,JIMENEZ,308289,,,,,,,,,,,,,,
Philip,FOSTER,313385,,,,,,,,,,,,,,
Bobby,ROSS,313403,,,,,,,,,,,,,,
Louis,LONG,314537,,,,,,,,,,,,,,
Elijah,MYERS,316573,,,,,,,,,,,,,,
Russell,PATEL,318213,,,,,,,,,,,,,,
Vincent,SANDERS,323196,,,,,,,,,,,,,,
Eugene,CASTILLO,323717,,,,,,,,,,,,,,
Christopher,HERNANDEZ,323798,,,,,,,,,,,,,,
Randy,ALVAREZ,328086,,,,,,,,,,,,,,
Ralph,PRICE,330142,,,,,,,,,,,,,,
Roy,HUGHES,332214,,,,,,,,,,,,,,
Wayne,RUIZ,337274,,,,,,,,,,,,,,
Alexis,SPENCER,340587,,,,,,,,,,,,,,
Rose,KELLEY,344656,,,,,,,,,,,,,,
Juan,MENDOZA,347289,,,,,,,,,,,,,,
Alan,GRAY,350127,,,,,,,,,,,,,,
Logan,BENNETT,350490,,,,,,,,,,,,,,
Isabella,GRANT,354245,,,,,,,,,,,,,,
Natalie,PAYNE,356379,,,,,,,,,,,,,,
Brittany,GARDNER,358850,,,,,,,,,,,,,,
Gabriel,JAMES,359009,,,,,,,,,,,,,,
Diana,RYAN,359617,,,,,,,,,,,,,,
Willie,WOOD,361107,,,,,,,,,,,,,,
Marie,WEAVER,361371,,,,,,,,,,,,,,
Sophia,SOTO,364383,,,,,,,,,,,,,,
Theresa,STEPHENS,367426,,,,,,,,,,,,,,
Albert,CHAVEZ,367790,,,,,,,,,,,,,,
Danielle,NICHOLS,368485,,,,,,,,,,,,,,
Beverly,FERGUSON,369669,,,,,,,,,,,,,,
Marilyn,DANIELS,369781,,,,,,,,,,,,,,
Amber,GARZA,370577,,,,,,,,,,,,,,
Denise,SCHMIDT,371269,,,,,,,,,,,,,,
Bruce,BROOKS,375579,,,,,,,,,,,,,,
Grace,RICE,377678,,,,,,,,,,,,,,
Judy,MEYER,377815,,,,,,,,,,,,,,
Billy,WATSON,378364,,,,,,,,,,,,,,
Julia,MILLS,380836,,,,,,,,,,,,,,
Abigail,WARREN,381738,,,,,,,,,,,,,,
Jordan,RICHARDSON,382332,,,,,,,,,,,,,,
Joe,WARD,382502,,,,,,,,,,,,,,
Bryan,COX,382874,,,,,,,,,,,,,,
Doris,FOX,383158,,,,,,,,,,,,,,
Dylan,KIM,383878,,,,,,,,,,,,,,
Jesse,RAMOS,387954,,,,,,,,,,,,,,
Madison,SALAZAR,393297,,,,,,,,,,,,,,
Alice,STONE,396362,,,,,,,,,,,,,,
Jean,ROSE,399416,,,,,,,,,,,,,,
Janice,BOYD,399546,,,,,,,,,,,,,,
Sara,ROBERTSON,400884,,,,,,,,,,,,,,
Lawrence,HOWARD,401973,,,,,,,,,,,,,,
Kathryn,BLACK,402613,,,,,,,,,,,,,,
Teresa,WAGNER,404253,,,,,,,,,,,,,,
Ann,PALMER,407374,,,,,,,,,,,,,,
Arthur,KELLY,407825,,,,,,,,,,,,,,
Gloria,HOLMES,408565,,,,,,,,,,,,,,
Frances,HICKS,414289,,,,,,,,,,,,,,
Austin,REED,415211,,,,,,,,,,,,,,
Sean,BAILEY,419666,,,,,,,,,,,,,,
Jacqueline,HUNT,420505,,,,,,,,,,,,,,
Terry,PETERSON,422213,,,,,,,,,,,,,,
Carl,COOPER,425085,,,,,,,,,,,,,,
Gerald,MORGAN,425285,,,,,,,,,,,,,,
Martha,MUNOZ,426247,,,,,,,,,,,,,,
Noah,ORTIZ,427157,,,,,,,,,,,,,,
Roger,GUTIERREZ,428417,,,,,,,,,,,,,,
Christian,ROGERS,429981,,,,,,,,,,,,,,
Hannah,DIXON,431117,,,,,,,,,,,,,,
Keith,COOK,431424,,,,,,,,,,,,,,
Harold,MURPHY,435205,,,,,,,,,,,,,,
Andrea,MASON,436126,,,,,,,,,,,,,,
Cheryl,SNYDER,436882,,,,,,,,,,,,,,
Megan,SHAW,437647,,,,,,,,,,,,,,
Jeremy,MORALES,439166,,,,,,,,,,,,,,
Ethan,MORRIS,444913,,,,,,,,,,,,,,
Judith,SILVA,449805,,,,,,,,,,,,,,
Evelyn,MENDEZ,461952,,,,,,,,,,,,,,
Walter,STEWART,464525,,,,,,,,,,,,,,
Joan,GORDON,467459,,,,,,,,,,,,,,
Lauren,HUNTER,470902,,,,,,,,,,,,,,
Christina,PORTER,471106,,,,,,,,,,,,,,
Kelly,SIMPSON,471621,,,,,,,,,,,,,,
Kyle,REYES,481259,,,,,,,,,,,,,,
Olivia,OLSON,481364,,,,,,,,,,,,,,
Victoria,CRAWFORD,485786,,,,,,,,,,,,,,
Joyce,BURNS,499340,,,,,,,,,,,,,,
Julie,GUZMAN,506594,,,,,,,,,,,,,,
Virginia,TUCKER,515088,,,,,,,,,,,,,,
Diane,WEBB,515183,,,,,,,,,,,,,,
Heather,FREEMAN,524166,,,,,,,,,,,,,,
Maria,CHEN,529342,,,,,,,,,,,,,,
Ruth,HENRY,538629,,,,,,,,,,,,,,
Peter,COLLINS,538899,,,,,,,,,,,,,,
Janet,VARGAS,539224,,,,,,,,,,,,,,
Zachary,EDWARDS,540674,,,,,,,,,,,,,,
Carolyn,WELLS,540963,,,,,,,,,,,,,,
Catherine,KENNEDY,542748,,,,,,,,,,,,,,
Rachel,WASHINGTON,546153,,,,,,,,,,,,,,
Douglas,CRUZ,548008,,,,,,,,,,,,,,
Debra,WOODS,548280,,,,,,,,,,,,,,
Nathan,PARKER,549445,,,,,,,,,,,,,,
Henry,DIAZ,552861,,,,,,,,,,,,,,
Adam,TURNER,554559,,,,,,,,,,,,,,
Christine,MCDONALD,561161,,,,,,,,,,,,,,
Jose,EVANS,562444,,,,,,,,,,,,,,
Katherine,FERNANDEZ,571574,,,,,,,,,,,,,,
Samantha,HARRISON,578986,,,,,,,,,,,,,,
Emma,OWENS,580610,,,,,,,,,,,,,,
Aaron,PHILLIPS,583990,,,,,,,,,,,,,,
Nicole,MARSHALL,589434,,,,,,,,,,,,,,
Tyler,GOMEZ,592495,,,,,,,,,,,,,,
Pamela,CASTRO,592696,,,,,,,,,,,,,,
Jerry,ROBERTS,602117,,,,,,,,,,,,,,
Brenda,FORD,606291,,,,,,,,,,,,,,
Dennis,CARTER,611128,,,,,,,,,,,,,,
Anna,MURRAY,618367,,,,,,,,,,,,,,
Helen,STEVENS,618563,,,,,,,,,,,,,,
Jack,MITCHELL,636674,,,,,,,,,,,,,,
Angela,AGUILAR,658968,,,,,,,,,,,,,,
Shirley,MEDINA,663452,,,,,,,,,,,,,,
Patrick,CAMPBELL,664723,,,,,,,,,,,,,,
Raymond,RIVERA,668793,,,,,,,,,,,,,,
Alexander,HALL,675746,,,,,,,,,,,,,,
Amy,TRAN,681397,,,,,,,,,,,,,,
Kathleen,ELLIS,686217,,,,,,,,,,,,,,
Frank,BAKER,691530,,,,,,,,,,,,,,
Cynthia,GIBSON,705717,,,,,,,,,,,,,,
Gregory,NELSON,707501,,,,,,,,,,,,,,
Samuel,ADAMS,714013,,,,,,,,,,,,,,
Laura,HERRERA,718006,,,,,,,,,,,,,,
Sharon,BRYANT,720826,,,,,,,,,,,,,,
Rebecca,HAYES,729630,,,,,,,,,,,,,,
Stephanie,COLE,738523,,,,,,,,,,,,,,
Deborah,WEST,740019,,,,,,,,,,,,,,
Benjamin,GREEN,740347,,,,,,,,,,,,,,
Melissa,MORENO,753994,,,,,,,,,,,,,,
Brandon,FLORES,761473,,,,,,,,,,,,,,
Scott,HILL,769980,,,,,,,,,,,,,,
Amanda,WALLACE,773199,,,,,,,,,,,,,,
Justin,NGUYEN,779504,,,,,,,,,,,,,,
Larry,TORRES,802272,,,,,,,,,,,,,,
Carol,GRIFFIN,806170,,,,,,,,,,,,,,
Dorothy,REYNOLDS,811392,,,,,,,,,,,,,,
Michelle,GRAHAM,812335,,,,,,,,,,,,,,
Donna,HAMILTON,822330,,,,,,,,,,,,,,
Emily,ALEXANDER,830999,,,,,,,,,,,,,,
Stephen,SCOTT,839278,,,,,,,,,,,,,,
Kimberly,PATTERSON,839796,,,,,,,,,,,,,,
Jonathan,WRIGHT,848774,,,,,,,,,,,,,,
Ashley,JORDAN,849297,,,,,,,,,,,,,,
Sandra,ROMERO,873509,,,,,,,,,,,,,,
Eric,KING,879257,,,,,,,,,,,,,,
Nicholas,ALLEN,894521,,,,,,,,,,,,,,
Gary,YOUNG,900088,,,,,,,,,,,,,,
Margaret,SIMMONS,918541,,,,,,,,,,,,,,
Betty,VASQUEZ,924629,,,,,,,,,,,,,,
Jacob,WALKER,933692,,,,,,,,,,,,,,
Ryan,ROBINSON,942977,,,,,,,,,,,,,,
Lisa,FISHER,965015,,,,,,,,,,,,,,
Jeffrey,LEWIS,975915,,,,,,,,,,,,,,
Karen,BARNES,986057,,,,,,,,,,,,,,
Sarah,HENDERSON,991910,,,,,,,,,,,,,,
Jason,RAMIREZ,1038335,,,,,,,,,,,,,,
Jessica,BUTLER,1046322,,,,,,,,,,,,,,
Timothy,CLARK,1070916,,,,,,,,,,,,,,
Ronald,SANCHEZ,1072746,,,,,,,,,,,,,,
Edward,HARRIS,1079619,,,,,,,,,,,,,,
Susan,COLEMAN,1103569,,,,,,,,,,,,,,
George,WHITE,1135235,,,,,,,,,,,,,,
Brian,THOMPSON,1168073,,,,,,,,,,,,,,
Kevin,PEREZ,1174762,,,,,,,,,,,,,,
Kenneth,LEE,1220221,,,,,,,,,,,,,,
Joshua,MARTIN,1220730,,,,,,,,,,,,,,
Andrew,JACKSON,1254054,,,,,,,,,,,,,,
Paul,MOORE,1275700,,,,,,,,,,,,,,
Steven,TAYLOR,1282598,,,,,,,,,,,,,,
Donald,THOMAS,1336753,,,,,,,,,,,,,,
Mark,ANDERSON,1347519,,,,,,,,,,,,,,
Barbara,BELL,1397635,,,,,,,,,,,,,,
Anthony,WILSON,1406030,,,,,,,,,,,,,,
Elizabeth,SULLIVAN,1420377,,,,,,,,,,,,,,
Linda,RUSSELL,1448303,,,,,,,,,,,,,,
Jennifer,PERRY,1468377,,,,,,,,,,,,,,
Patricia,JENKINS,1558407,,,,,,,,,,,,,,
Matthew,GONZALEZ,1607467,,,,,,,,,,,,,,
Daniel,LOPEZ,1895292,,,,,,,,,,,,,,
Charles,MARTINEZ,2084043,,,,,,,,,,,,,,
Thomas,RODRIGUEZ,2151864,,,,,,,,,,,,,,
Joseph,DAVIS,2335792,,,,,,,,,,,,,,
Richard,MILLER,2454407,,,,,,,,,,,,,,
Mary,POWELL,3196385,,,,,,,,,,,,,,
David,GARCIA,3564053,,,,,,,,,,,,,,
William,JONES,3564276,,,,,,,,,,,,,,
Michael,BROWN,4335919,,,,,,,,,,,,,,
John,WILLIAMS,4453807,,,,,,,,,,,,,,
Robert,JOHNSON,4455696,,,,,,,,,,,,,,
James,SMITH,4700229,,,,,,,,,,,,,,
,,,,,,,,,,,,,,,,
,,,,,,,,,,,,,,,,
,,,,,,,,,,,,,,,,
,,,,,,,,,,,,,,,,
,,,,,,,,,,,,,,,,
,,,,,,,,,,,,,,,,
,,,,,,,,,,,,,,,,
,,,,,,,,,,,,,,,,
,,,,,,,,,,,,,,,,
,,,,,,,,,,,,,,,,
,,,,,,,,,,,,,,,,
,,,,,,,,,,,,,,,,
,,,,,,,,,,,,,,,,
,,,,,,,,,,,,,,,,
,,,,,,,,,,,,,,,,
,,,,,,,,,,,,,,,,
,,,,,,,,,,,,,,,,
,,,,,,,,,,,,,,,,
,,,,,,,,,,,,,,,,
,,,,,,,,,,,,,,,,
,,,,,,,,,,,,,,,,
,,,,,,,,,,,,,,,,
,,,,,,,,,,,,,,,,
,,,,,,,,,,,,,,,,
,,,,,,,,,,,,,,,,
,,,,,,,,,,,,,,,,
,,,,,,,,,,,,,,,,
,,,,,,,,,,,,,,,,
,,,,,,,,,,,,,,,,
,,,,,,,,,,,,,,,,
,,,,,,,,,,,,,,,,
,,,,,,,,,,,,,,,,
,,,,,,,,,,,,,,,,
,,,,,,,,,,,,,,,,
,,,,,,,,,,,,,,,,
,,,,,,,,,,,,,,,,
,,,,,,,,,,,,,,,,
,,,,,,,,,,,,,,,,
,,,,,,,,,,,,,,,,
,,,,,,,,,,,,,,,,
,,,,,,,,,,,,,,,,
,,,,,,,,,,,,,,,,
,,,,,,,,,,,,,,,,
,,,,,,,,,,,,,,,,
,,,,,,,,,,,,,,,,
,,,,,,,,,,,,,,,,
,,,,,,,,,,,,,,,,
,,,,,,,,,,,,,,,,
,,,,,,,,,,,,,,,,
,,,,,,,,,,,,,,,,
,,,,,,,,,,,,,,,,
,,,,,,,,,,,,,,,,
,,,,,,,,,,,,,,,,
,,,,,,,,,,,,,,,,
,,,,,,,,,,,,,,,,
,,,,,,,,,,,,,,,,
,,,,,,,,,,,,,,,,
,,,,,,,,,,,,,,,,
,,,,,,,,,,,,,,,,
,,,,,,,,,,,,,,,,
,,,,,,,,,,,,,,,,
,,,,,,,,,,,,,,,,
,,,,,,,,,,,,,,,,
,,,,,,,,,,,,,,,,
,,,,,,,,,,,,,,,,
,,,,,,,,,,,,,,,,
,,,,,,,,,,,,,,,,
,,,,,,,,,,,,,,,,
,,,,,,,,,,,,,,,,
,,,,,,,,,,,,,,,,
,,,,,,,,,,,,,,,,
,,,,,,,,,,,,,,,,
,,,,,,,,,,,,,,,,
,,,,,,,,,,,,,,,,
,,,,,,,,,,,,,,,,
,,,,,,,,,,,,,,,,
,,,,,,,,,,,,,,,,
,,,,,,,,,,,,,,,,
,,,,,,,,,,,,,,,,
,,,,,,,,,,,,,,,,
,,,,,,,,,,,,,,,,
,,,,,,,,,,,,,,,,
,,,,,,,,,,,,,,,,
,,,,,,,,,,,,,,,,
,,,,,,,,,,,,,,,,
,,,,,,,,,,,,,,,,
,,,,,,,,,,,,,,,,
,,,,,,,,,,,,,,,,
,,,,,,,,,,,,,,,,
,,,,,,,,,,,,,,,,
,,,,,,,,,,,,,,,,
,,,,,,,,,,,,,,,,
,,,,,,,,,,,,,,,,
,,,,,,,,,,,,,,,,
,,,,,,,,,,,,,,,,
,,,,,,,,,,,,,,,,
,,,,,,,,,,,,,,,,
,,,,,,,,,,,,,,,,
,,,,,,,,,,,,,,,,
,,,,,,,,,,,,,,,,
,,,,,,,,,,,,,,,,
,,,,,,,,,,,,,,,,
,,,,,,,,,,,,,,,,
,,,,,,,,,,,,,,,,
,,,,,,,,,,,,,,,,
,,,,,,,,,,,,,,,,
,,,,,,,,,,,,,,,,
,,,,,,,,,,,,,,,,
,,,,,,,,,,,,,,,,
,,,,,,,,,,,,,,,,
,,,,,,,,,,,,,,,,
,,,,,,,,,,,,,,,,
,,,,,,,,,,,,,,,,
,,,,,,,,,,,,,,,,
,,,,,,,,,,,,,,,,
,,,,,,,,,,,,,,,,
,,,,,,,,,,,,,,,,
,,,,,,,,,,,,,,,,
,,,,,,,,,,,,,,,,
,,,,,,,,,,,,,,,,
,,,,,,,,,,,,,,,,
,,,,,,,,,,,,,,,,
,,,,,,,,,,,,,,,,
,,,,,,,,,,,,,,,,
,,,,,,,,,,,,,,,,
,,,,,,,,,,,,,,,,
,,,,,,,,,,,,,,,,
,,,,,,,,,,,,,,,,
,,,,,,,,,,,,,,,,
,,,,,,,,,,,,,,,,
,,,,,,,,,,,,,,,,
,,,,,,,,,,,,,,,,
,,,,,,,,,,,,,,,,
,,,,,,,,,,,,,,,,
,,,,,,,,,,,,,,,,
,,,,,,,,,,,,,,,,
,,,,,,,,,,,,,,,,
,,,,,,,,,,,,,,,,
,,,,,,,,,,,,,,,,
,,,,,,,,,,,,,,,,
,,,,,,,,,,,,,,,,
,,,,,,,,,,,,,,,,
,,,,,,,,,,,,,,,,
,,,,,,,,,,,,,,,,
,,,,,,,,,,,,,,,,
,,,,,,,,,,,,,,,,
,,,,,,,,,,,,,,,,
,,,,,,,,,,,,,,,,
,,,,,,,,,,,,,,,,
,,,,,,,,,,,,,,,,
,,,,,,,,,,,,,,,,
,,,,,,,,,,,,,,,,
,,,,,,,,,,,,,,,,
,,,,,,,,,,,,,,,,
,,,,,,,,,,,,,,,,
,,,,,,,,,,,,,,,,
,,,,,,,,,,,,,,,,
,,,,,,,,,,,,,,,,
,,,,,,,,,,,,,,,,
,,,,,,,,,,,,,,,,
,,,,,,,,,,,,,,,,
,,,,,,,,,,,,,,,,
,,,,,,,,,,,,,,,,
,,,,,,,,,,,,,,,,
,,,,,,,,,,,,,,,,
,,,,,,,,,,,,,,,,
,,,,,,,,,,,,,,,,
,,,,,,,,,,,,,,,,
,,,,,,,,,,,,,,,,
